1.1632e-015,-20.96,5.424e-016
0.42574,-13.452,0.19852
0.9009,-14.215,0.4201
1.4542,-15.266,0.6781
1.9891,-15.617,0.92755
2.4567,-15.373,1.1456
2.9622,-15.376,1.3813
3.5059,-15.515,1.6348
4.037,-15.534,1.8825
4.5903,-15.588,2.1405
5.0092,-15.185,2.3358
4.5426,-12.406,2.1183
4.5599,-11.301,2.1263
5.1371,-11.621,2.3955
5.693,-11.814,2.6547
6.3396,-12.116,2.9562
6.9975,-12.356,3.263
8.048,-13.165,3.7528
9.9777,-15.153,4.6527
7.8563,-11.095,3.6635
8.0802,-10.625,3.7678
7.5865,-9.2967,3.5377
8.1404,-9.3011,3.7959
8.3384,-8.8847,3.8882
8.3988,-8.3441,3.9164
8.5187,-7.887,3.9723
8.6273,-7.4372,4.023
8.8793,-7.1181,4.1405
11.346,-8.4438,5.2905
17.816,-12.284,8.3077
18.963,-12.08,8.8425
19.133,-11.225,8.922
19.371,-10.424,9.0328
19.49,-9.5746,9.0883
19.478,-8.6834,9.083
19.741,-7.928,9.2055
19.394,-6.9529,9.0435
19.314,-6.1109,9.0065
20.595,-5.6658,9.6037
18.75,-4.3973,8.7431
17.735,-3.4504,8.2698
19.431,-3.0131,9.0606
19.334,-2.2421,9.0155
19.664,-1.5172,9.1696
17.916,-0.69031,8.3543
20.392,0,9.5089
20.18,0.77756,9.4102
19.953,1.5395,9.3045
20.686,2.3989,9.646
19.251,2.9853,8.9769
18.797,3.657,8.7651
19.104,4.4805,8.9084
19.311,5.3126,9.005
17.772,5.623,8.2874
18.489,6.6284,8.6215
20.15,8.0922,9.3961
19.579,8.7283,9.13
19.689,9.6722,9.181
19.68,10.591,9.1771
18.277,10.723,8.5227
17.322,11.035,8.0776
17.04,11.748,7.9457
16.988,12.643,7.9218
16.578,13.29,7.7305
16.476,14.203,7.6829
16.343,15.131,7.6209
16.36,16.253,7.6287
14.049,14.97,6.5513
12.957,14.804,6.0418
11.995,14.699,5.5935
9.4841,12.471,4.4225
9.5582,13.499,4.4571
11.48,17.434,5.3532
9.8978,16.191,4.6154
8.9955,15.884,4.1947
8.2882,15.84,3.8648
7.3992,15.354,3.4503
7.1236,16.115,3.3218
6.5579,16.252,3.058
5.9482,16.244,2.7737
5.3502,16.219,2.4948
4.5903,15.588,2.1405
4.2143,16.216,1.9652
3.7559,16.621,1.7514
3.1788,16.501,1.4823
2.6172,16.377,1.2204
2.1127,16.587,0.98519
1.5925,16.718,0.74259
1.0665,16.829,0.49733
0.5279,16.68,0.24616
8.9845e-016,-15.94,3.8137e-016
0.72635,-22.596,0.30832
1.3838,-21.498,0.58737
0.98143,-10.144,0.41659
1.9216,-14.854,0.81569
2.4872,-15.324,1.0557
3.0296,-15.484,1.286
3.5497,-15.467,1.5068
4.1002,-15.534,1.7404
4.6622,-15.588,1.979
4.7382,-14.142,2.0113
3.8034,-10.227,1.6145
3.8863,-9.4826,1.6496
4.1361,-9.2126,1.7557
4.5203,-9.2356,1.9188
4.9339,-9.2838,2.0943
5.395,-9.3794,2.29
5.9349,-9.5588,2.5192
5.9571,-8.9073,2.5286
6.1376,-8.5342,2.6052
6.0056,-7.7754,2.5492
6.7322,-8.1226,2.8577
7.4303,-8.3587,3.154
7.4294,-7.7941,3.1536
8.1541,-7.976,3.4612
8.4054,-7.662,3.5679
8.6246,-7.3202,3.6609
8.5045,-6.7125,3.61
12.927,-9.4727,5.4874
17.916,-12.162,7.6047
18.574,-11.65,7.8843
18.653,-10.774,7.9176
18.988,-10.061,8.0597
19.4,-9.3834,8.2349
19.297,-8.4699,8.1911
19.653,-7.7707,8.342
19.601,-6.9189,8.3203
19.529,-6.0833,8.2894
19.426,-5.2618,8.246
19.313,-4.4597,8.198
19.817,-3.7959,8.4116
19.826,-3.027,8.4157
19.911,-2.2735,8.4518
19.972,-1.5172,8.4777
19.917,-0.75557,8.4542
19.745,0,8.3812
19.107,0.72486,8.1105
20.266,1.5395,8.6024
20.699,2.3634,8.786
19.37,2.9574,8.2222
18.575,3.5581,7.8845
17.441,4.0272,7.4031
19.426,5.2618,8.246
18.98,5.9124,8.0565
18.954,6.6902,8.0453
20.154,7.9691,8.555
19.69,8.6422,8.3578
19.694,9.5258,8.3598
20.096,10.648,8.5303
18.287,10.563,7.7624
17.02,10.675,7.2245
17.307,11.748,7.3462
16.919,12.397,7.1815
17.18,13.56,7.2926
16.567,14.062,7.0324
15.866,14.463,6.7346
16.972,16.601,7.2041
14.971,15.706,6.355
13.588,15.286,5.7678
12.085,14.581,5.1297
11.704,15.152,4.9679
11.023,15.327,4.6789
10.989,16.431,4.6645
9.9293,15.992,4.2148
8.8486,15.384,3.756
8.4825,15.961,3.6006
7.8695,16.078,3.3404
7.2352,16.115,3.0711
6.3424,15.475,2.6922
6.0655,16.309,2.5747
5.371,16.031,2.2799
4.7646,15.93,2.0224
4.1738,15.813,1.7717
3.5252,15.36,1.4964
3.2784,16.756,1.3916
2.7173,16.742,1.1534
2.1535,16.646,0.91412
1.6174,16.718,0.68656
1.0832,16.829,0.45981
0.5381,16.74,0.22841
9.5409e-016,-16.69,3.6624e-016
0.70539,-21.637,0.27077
1.3715,-21.009,0.52647
0.86168,-8.7816,0.33077
2.0282,-15.458,0.77855
2.5306,-15.373,0.97141
3.0823,-15.533,1.1832
3.6001,-15.467,1.382
4.1739,-15.592,1.6022
4.6793,-15.426,1.7962
4.1062,-12.084,1.5762
3.4448,-9.1328,1.3223
3.5846,-8.6239,1.376
3.7406,-8.215,1.4359
4.0235,-8.1055,1.5445
4.2665,-7.9155,1.6377
4.5218,-7.7512,1.7357
4.7454,-7.536,1.8216
4.7192,-6.9575,1.8115
4.8855,-6.6981,1.8754
5.0528,-6.4501,1.9396
5.3786,-6.3985,2.0646
5.7135,-6.3374,2.1932
6.0105,-6.2172,2.3072
6.2926,-6.069,2.4155
6.6439,-5.9715,2.5503
7.0183,-5.8734,2.6941
7.364,-5.7309,2.8268
7.3682,-5.3235,2.8284
8.9544,-5.9934,3.4373
10.422,-6.445,4.0005
12.653,-7.2064,4.857
15.716,-8.2107,6.0329
17.876,-8.5252,6.862
18.922,-8.1889,7.2635
19.362,-7.5484,7.4322
19.88,-6.9189,7.6311
19.429,-5.9675,7.4581
19.521,-5.2134,7.4934
19.77,-4.5013,7.5891
19.813,-3.7421,7.6055
19.646,-2.9574,7.5412
19.823,-2.2317,7.6092
19.613,-1.4691,7.5288
19.117,-0.71509,7.3385
20.408,0,7.8339
20.293,0.75906,7.7898
18.831,1.4105,7.2285
20.101,2.263,7.7162
20.015,3.0131,7.6832
18.507,3.4955,7.1044
18.145,4.1312,6.9652
19.34,5.165,7.4239
17.984,5.5238,6.9035
18.61,6.477,7.1438
20.037,7.8117,7.6915
19.666,8.5111,7.5492
18.379,8.7652,7.0552
20.063,10.481,7.7014
18.275,10.408,7.015
17.755,10.98,6.8154
17.473,11.695,6.7074
17.159,12.397,6.5867
17.424,13.56,6.6886
16.803,14.062,6.45
16.091,14.463,6.1768
17.032,16.427,6.5381
14.821,15.331,5.6894
13.781,15.286,5.29
12.744,15.16,4.8918
12.41,15.842,4.7637
10.903,14.949,4.1854
10.81,15.938,4.1497
9.9451,15.793,3.8176
9.3057,15.952,3.5721
8.5703,15.9,3.2898
7.6482,15.407,2.9359
7.3666,16.178,2.8278
6.7552,16.252,2.5931
5.8999,15.642,2.2647
4.9684,14.622,1.9072
4.6967,15.483,1.8029
4.2022,15.697,1.6131
3.8395,16.495,1.4738
3.2881,16.57,1.2622
2.6668,16.2,1.0237
2.201,16.775,0.84489
1.6346,16.658,0.62745
1.0869,16.649,0.41722
0.50338,15.441,0.19323
9.2924e-016,-16.05,3.1996e-016
0.72134,-21.847,0.24838
0.96098,-14.535,0.33089
0.8223,-8.2744,0.28314
1.9739,-14.854,0.67965
2.5892,-15.53,0.89155
3.1434,-15.641,1.0824
3.685,-15.631,1.2689
4.2429,-15.649,1.4609
4.5463,-14.798,1.5654
3.3276,-9.6694,1.1458
3.372,-8.8268,1.1611
3.5035,-8.3224,1.2064
3.7138,-8.0532,1.2788
3.9107,-7.7788,1.3466
4.1556,-7.6124,1.4309
4.324,-7.3187,1.4889
4.5259,-7.0966,1.5584
4.7073,-6.8524,1.6209
4.9014,-6.6351,1.6877
5.0202,-6.3275,1.7286
5.1943,-6.1012,1.7885
5.1822,-5.6756,1.7844
5.584,-5.7031,1.9227
5.8039,-5.527,1.9985
5.9828,-5.3094,2.06
6.1618,-5.0915,2.1217
6.2955,-4.8375,2.1677
6.3494,-4.5295,2.1863
6.527,-4.3135,2.2474
6.7145,-4.1,2.312
6.8708,-3.8638,2.3658
7.2405,-3.7349,2.4931
7.8517,-3.6972,2.7036
9.0209,-3.8547,3.1062
11.204,-4.3129,3.8578
16.573,-5.6952,5.7065
19.587,-5.94,6.7442
20.055,-5.2884,6.9055
19.838,-4.4597,6.8308
19.787,-3.69,6.8132
19.803,-2.9435,6.8188
19.888,-2.2108,6.848
20.043,-1.4823,6.9015
19.986,-0.73812,6.8816
20.092,0,6.9183
19.986,0.73812,6.8816
20.232,1.4963,6.9664
20.358,2.263,7.0099
20.178,2.9992,6.9477
18.036,3.3636,6.2104
17.988,4.0439,6.1939
18.312,4.8288,6.3053
18.541,5.623,6.3843
18.425,6.3318,6.3444
19.325,7.4389,6.6541
20.12,8.5972,6.9277
19.245,9.0621,6.6265
20.107,10.372,6.9234
19.26,10.831,6.6317
17.081,10.43,5.8815
17.609,11.637,6.0631
17.378,12.397,5.9839
17.127,13.161,5.8973
17.45,14.419,6.0084
16.377,14.533,5.6389
17.25,16.427,5.9397
16.174,16.519,5.5691
14.023,15.358,4.8285
13.084,15.368,4.5051
12.508,15.765,4.3068
11.421,15.461,3.9326
10.949,15.938,3.7699
9.5541,14.981,3.2897
9.3846,15.884,3.2314
8.6799,15.9,2.9887
8.0833,16.078,2.7833
7.3447,15.927,2.529
6.2609,14.873,2.1558
5.4724,14.325,1.8843
4.8346,14.048,1.6647
4.4412,14.456,1.5292
4.0422,14.909,1.3918
3.804,16.136,1.3098
3.3301,16.57,1.1467
2.7698,16.614,0.95373
2.2449,16.894,0.77299
1.609,16.191,0.55403
1.1048,16.709,0.3804
0.56526,17.12,0.19463
9.334e-016,-15.94,2.8537e-016
0.71922,-21.537,0.21989
1.0346,-15.472,0.31632
0.82568,-8.2148,0.25244
2.0776,-15.458,0.63518
2.6287,-15.59,0.80369
3.1792,-15.641,0.97199
3.7132,-15.573,1.1352
4.2465,-15.486,1.2983
4.7607,-15.322,1.4555
3.2577,-9.3593,0.99597
3.3352,-8.6321,1.0197
3.5162,-8.2585,1.075
3.7059,-7.9453,1.133
3.9329,-7.7346,1.2024
4.1886,-7.5864,1.2806
4.3582,-7.2932,1.3324
4.5455,-7.0468,1.3897
4.7104,-6.7796,1.4401
4.8808,-6.5326,1.4922
5.0467,-6.2892,1.5429
5.2535,-6.1012,1.6062
5.4274,-5.877,1.6593
5.5858,-5.6406,1.7078
5.7138,-5.3798,1.7469
5.8972,-5.1744,1.803
6.006,-4.9068,1.8362
6.1971,-4.7082,1.8946
6.3504,-4.4791,1.9415
6.5042,-4.25,1.9885
6.5344,-3.945,1.9978
6.6958,-3.7229,2.0471
6.816,-3.4763,2.0839
6.9628,-3.2417,2.1287
7.2441,-3.0605,2.2147
7.5395,-2.8695,2.3051
8.7494,-2.9727,2.675
19.718,-5.9124,6.0284
21.731,-5.6658,6.6439
20.252,-4.5013,6.1915
19.834,-3.657,6.0638
19.944,-2.931,6.0974
19.934,-2.1909,6.0945
20.091,-1.4691,6.1423
19.325,-0.70567,5.9082
20.044,0,6.1281
19.936,0.728,6.0952
20.367,1.4893,6.2269
20.4,2.2421,6.237
20.408,2.9992,6.2393
18.092,3.3358,5.5311
17.67,3.9275,5.4022
17.973,4.686,5.495
17.576,5.2702,5.3736
18.472,6.2761,5.6474
19.276,7.3363,5.8932
19.755,8.3462,6.0397
18.477,8.6025,5.6491
20.027,10.214,6.1228
19.876,11.051,6.0768
18.452,11.14,5.6413
17.558,11.473,5.368
17.664,12.459,5.4004
16.827,12.784,5.1446
17.649,14.419,5.3958
16.402,14.392,5.0147
17.17,16.166,5.2494
16.448,16.609,5.0286
14.449,15.646,4.4174
13.412,15.576,4.1005
12.374,15.42,3.7831
11.357,15.201,3.4722
11.118,16.002,3.3992
10.102,15.661,3.0884
9.5322,15.952,2.9143
8.8841,16.091,2.7161
7.6906,15.125,2.3513
6.9967,15.001,2.1391
5.8539,13.749,1.7897
4.9365,12.777,1.5092
4.1571,11.943,1.271
4.2259,13.6,1.292
3.9144,14.275,1.1967
3.889,16.311,1.189
3.392,16.687,1.037
2.6188,15.53,0.80064
2.2626,16.835,0.69173
1.6863,16.778,0.51557
1.1214,16.769,0.34284
0.53199,15.93,0.16265
8.4046e-016,-14.21,2.252e-016
0.57746,-17.12,0.15473
0.93725,-13.876,0.25114
0.82288,-8.1054,0.22049
2.12,-15.617,0.56805
2.6183,-15.373,0.70157
3.1891,-15.533,0.85453
3.7762,-15.68,1.0118
4.3185,-15.592,1.1571
4.1132,-13.106,1.1021
3.3169,-9.4345,0.88875
3.3145,-8.493,0.88811
3.5438,-8.2402,0.94955
3.7516,-7.9633,1.0052
3.9724,-7.7346,1.0644
4.1825,-7.4998,1.1207
4.3508,-7.2084,1.1658
4.575,-7.0219,1.2259
4.7578,-6.7796,1.2748
4.9537,-6.5641,1.3273
5.0788,-6.2662,1.3609
5.2417,-6.0269,1.4045
5.3813,-5.7691,1.4419
5.5725,-5.5712,1.4932
5.7928,-5.3999,1.5522
5.9195,-5.1423,1.5861
6.036,-4.8822,1.6173
6.2282,-4.6846,1.6688
6.3503,-4.4344,1.7015
6.5286,-4.2235,1.7493
6.6503,-3.975,1.7819
6.7461,-3.7135,1.8076
6.8846,-3.4763,1.8447
6.9799,-3.2173,1.8703
7.1468,-2.9894,1.915
7.4974,-2.8251,2.0089
8.3138,-2.7966,2.2277
17.252,-5.1213,4.6226
22.644,-5.8448,6.0673
20.172,-4.4389,5.405
19.757,-3.6067,5.294
19.599,-2.8517,5.2516
19.77,-2.1512,5.2973
19.657,-1.423,5.267
19.963,-0.72172,5.3491
20.062,0,5.3757
19.181,0.69345,5.1396
20.196,1.4621,5.4116
20.231,2.2014,5.4209
20.422,2.9713,5.472
17.893,3.2663,4.7944
17.696,3.8942,4.7417
17.489,4.5143,4.6861
18.533,5.5017,4.9659
18.336,6.168,4.9132
18.598,7.008,4.9834
20.052,8.3874,5.373
19.563,9.0174,5.2419
20.029,10.113,5.3667
19.769,10.882,5.2972
18.194,10.875,4.8751
18.521,11.981,4.9627
18.29,12.772,4.9008
17.848,13.425,4.7824
16.959,13.717,4.5441
16.567,14.392,4.4392
16.725,15.591,4.4815
16.961,16.957,4.5446
14.668,15.725,3.9302
13.069,15.026,3.5018
12.61,15.558,3.3789
12.132,16.075,3.2506
11.185,15.938,2.997
10.376,15.926,2.7803
8.7324,14.468,2.3398
8.5581,15.346,2.2931
7.5141,14.63,2.0134
6.0932,12.934,1.6327
5.0092,11.648,1.3422
4.6931,12.026,1.2575
4.308,12.254,1.1543
4.152,13.229,1.1125
3.8552,13.919,1.033
3.7108,15.408,0.99431
3.4402,16.756,0.92179
2.8414,16.683,0.76134
2.2773,16.775,0.61019
1.7104,16.847,0.45829
1.1286,16.709,0.30241
0.56869,16.86,0.15238
8.323e-016,-13.95,1.9215e-016
0.71275,-20.947,0.16455
0.87883,-12.899,0.20289
0.85655,-8.3639,0.19775
2.1249,-15.518,0.49058
2.6513,-15.432,0.61211
3.2069,-15.484,0.74037
3.8093,-15.68,0.87944
4.3106,-15.428,0.99518
3.6945,-11.669,0.85293
3.1526,-8.8895,0.72783
3.3106,-8.4096,0.76431
3.547,-8.1762,0.81889
3.7204,-7.8285,0.85891
3.9706,-7.664,0.91668
4.1703,-7.4132,0.96279
4.3734,-7.183,1.0097
4.5877,-6.9805,1.0592
4.7364,-6.6906,1.0935
4.919,-6.4617,1.1356
5.0168,-6.136,1.1582
5.092,-5.804,1.1756
5.4622,-5.8051,1.2611
5.5862,-5.5364,1.2897
5.8,-5.3597,1.339
5.934,-5.1102,1.37
6.1272,-4.913,1.4146
6.2905,-4.6905,1.4523
6.3573,-4.4008,1.4677
6.5361,-4.1917,1.509
6.6747,-3.955,1.541
6.8309,-3.7276,1.577
6.9097,-3.4587,1.5952
7.032,-3.2132,1.6235
7.2003,-2.9856,1.6623
7.4347,-2.7772,1.7164
8.3587,-2.7873,1.9297
15.923,-4.6858,3.676
21.915,-5.6077,5.0595
20.253,-4.4181,4.6758
19.844,-3.591,4.5813
19.51,-2.8141,4.5042
19.507,-2.1042,4.5035
19.741,-1.4168,4.5576
20.04,-0.71823,4.6267
19.965,0,4.6092
19.953,0.71509,4.6064
20.101,1.4426,4.6407
19.943,2.1512,4.6041
20.224,2.9171,4.6691
18.433,3.3358,4.2557
17.222,3.757,3.976
17.018,4.3546,3.9288
16.728,4.9229,3.862
17.802,5.9362,4.1098
18.349,6.8541,4.2362
19.938,8.2676,4.6032
19.547,8.9319,4.5128
19.328,9.6749,4.4622
20.252,11.051,4.6755
19.366,11.475,4.471
18.774,12.04,4.3343
18.636,12.901,4.3024
17.65,13.161,4.0747
17.537,14.062,4.0487
16.876,14.533,3.8962
16.133,14.908,3.7246
16.17,16.026,3.7331
15.08,16.027,3.4816
13.666,15.576,3.1549
12.608,15.42,2.9107
12.022,15.792,2.7754
10.95,15.468,2.5281
10.336,15.727,2.3863
9.0462,14.858,2.0885
7.4539,13.25,1.7209
5.9833,11.549,1.3814
5.3264,11.208,1.2297
4.8786,11.246,1.1263
4.5662,11.599,1.0542
4.179,11.784,0.9648
3.58,11.308,0.82652
3.7922,13.573,0.87551
3.8493,15.845,0.88869
3.4318,16.57,0.79228
2.763,16.082,0.63789
2.3134,16.894,0.5341
1.706,16.658,0.39386
1.1466,16.829,0.26472
0.56958,16.74,0.1315
7.7719e-016,-12.93,1.5107e-016
0.72456,-21.137,0.14084
0.78609,-11.452,0.1528
0.85472,-8.2844,0.16614
2.1326,-15.458,0.41453
2.6608,-15.373,0.51722
3.2308,-15.484,0.628
3.8376,-15.68,0.74596
4.3589,-15.486,0.84729
3.1942,-10.015,0.62088
3.1056,-8.6922,0.60366
3.3426,-8.4281,0.64974
3.5095,-8.0301,0.68218
3.761,-7.8555,0.73106
4.014,-7.6905,0.78024
4.1965,-7.4045,0.81571
4.3903,-7.1575,0.8534
4.5505,-6.8727,0.88454
4.7544,-6.6663,0.92415
4.9194,-6.4144,0.95624
5.1235,-6.2203,0.99592
5.2875,-5.9823,1.0278
5.462,-5.7619,1.0617
5.6278,-5.5364,1.0939
5.7703,-5.2928,1.1216
6.0007,-5.1294,1.1664
6.1419,-4.8884,1.1939
6.242,-4.62,1.2133
6.4047,-4.4008,1.2449
6.5515,-4.1705,1.2735
6.7499,-3.97,1.312
6.8731,-3.7229,1.336
6.9435,-3.45,1.3497
7.0754,-3.2092,1.3753
7.2357,-2.9781,1.4065
7.5086,-2.784,1.4595
8.3649,-2.7688,1.626
16.409,-4.7933,3.1896
23.135,-5.8763,4.4971
20.404,-4.4181,3.9661
19.547,-3.5112,3.7995
19.743,-2.8266,3.8376
19.066,-2.0414,3.7061
19.8,-1.4105,3.8488
19.748,-0.70253,3.8386
19.937,0,3.8753
19.248,0.68473,3.7414
20.065,1.4293,3.9002
18.754,2.008,3.6454
20.559,2.9435,3.9963
18.648,3.3497,3.6248
17.082,3.6987,3.3203
17.011,4.3207,3.3066
17.608,5.1434,3.4226
17.561,5.8126,3.4135
18.172,6.7378,3.5322
19.432,7.9979,3.7771
19.881,9.0174,3.8645
19.754,9.8151,3.8398
20.299,10.995,3.9457
18.762,11.035,3.647
18.822,11.981,3.6586
18.311,12.582,3.5592
17.956,13.29,3.4903
17.404,13.852,3.3831
16.13,13.788,3.1353
16.333,14.982,3.1749
17.236,16.957,3.3504
15.574,16.43,3.0274
13.399,15.16,2.6046
12.815,15.558,2.491
12.329,16.075,2.3965
11.176,15.671,2.1724
10.413,15.727,2.0241
8.068,13.153,1.5683
6.5671,11.587,1.2765
5.6408,10.807,1.0965
5.1294,10.714,0.99705
4.5915,10.506,0.8925
4.4642,11.256,0.86775
4.1766,11.69,0.81184
3.9434,12.364,0.76652
3.8205,13.573,0.74263
3.5622,14.554,0.69241
3.4696,16.629,0.67441
2.8978,16.742,0.56327
2.3225,16.835,0.45144
1.7064,16.539,0.33168
1.1264,16.41,0.21895
0.57794,16.86,0.11234
8.1404e-016,-13.46,1.2893e-016
0.73248,-21.237,0.11601
0.87569,-12.679,0.1387
0.83316,-8.0258,0.13196
2.1609,-15.567,0.34225
2.6773,-15.373,0.42404
3.2733,-15.592,0.51844
3.8207,-15.515,0.60514
4.1381,-14.611,0.65541
3.0338,-9.4535,0.48051
3.1011,-8.6264,0.49116
3.3152,-8.3076,0.52507
3.491,-7.9387,0.55292
3.7366,-7.7566,0.59181
3.9553,-7.5315,0.62646
4.1829,-7.3352,0.6625
4.3913,-7.1151,0.69551
4.5455,-6.823,0.71994
4.7431,-6.6097,0.75123
4.8951,-6.3435,0.7753
5.1234,-6.182,0.81147
5.1616,-5.804,0.81751
5.4957,-5.7619,0.87043
5.6199,-5.4947,0.89011
5.8059,-5.2928,0.91956
5.9999,-5.0973,0.9503
6.1564,-4.8699,0.97508
6.3046,-4.6376,0.99854
6.4278,-4.3897,1.0181
6.5585,-4.1493,1.0388
6.7232,-3.93,1.0648
6.5755,-3.5398,1.0415
7.0042,-3.4587,1.1094
7.1552,-3.2254,1.1333
7.1888,-2.9407,1.1386
7.5271,-2.7738,1.1922
9.0553,-2.9789,1.4342
18.314,-5.317,2.9007
23.278,-5.8763,3.6869
19.882,-4.2788,3.1491
19.755,-3.5268,3.1289
19.689,-2.8016,3.1184
19.606,-2.0864,3.1053
19.578,-1.3861,3.1008
19.613,-0.69345,3.1065
20.06,0,3.1772
19.87,0.70253,3.1471
20.011,1.4168,3.1694
19.862,2.1136,3.1458
20.129,2.8642,3.1881
18.685,3.3358,2.9595
17.052,3.6696,2.7007
16.79,4.2385,2.6593
17.023,4.9422,2.6962
16.842,5.5407,2.6676
16.771,6.1803,2.6563
18.682,7.642,2.9589
19.535,8.8058,3.094
19.308,9.5346,3.0581
20.119,10.831,3.1865
19.34,11.305,3.0631
18.754,11.865,2.9703
18.514,12.643,2.9323
17.803,13.096,2.8197
16.539,13.083,2.6195
17.107,14.533,2.7095
15.964,14.554,2.5285
16.988,16.609,2.6906
15.904,16.674,2.5189
14.242,16.015,2.2557
12.951,15.627,2.0513
12.46,16.146,1.9734
11.292,15.735,1.7884
10.306,15.47,1.6323
7.2595,11.762,1.1498
5.9508,10.436,0.94252
5.3325,10.154,0.84458
5.0052,10.39,0.79274
4.5195,10.277,0.71581
4.4584,11.173,0.70615
4.1449,11.53,0.65649
3.925,12.231,0.62166
3.7189,13.131,0.58901
3.4814,14.137,0.5514
3.491,16.629,0.55292
2.9054,16.683,0.46017
2.3368,16.835,0.37011
1.6921,16.3,0.26801
1.1623,16.829,0.18409
0.57737,16.74,0.091446
7.834e-016,-12.89,9.619e-017
0.70353,-20.298,0.086382
0.78099,-11.253,0.095893
0.85074,-8.1551,0.10446
2.1342,-15.3,0.26205
2.7094,-15.481,0.33267
3.2997,-15.641,0.40516
3.8539,-15.573,0.4732
4.0381,-14.188,0.49581
3.0733,-9.5296,0.37735
3.0994,-8.5794,0.38055
3.3017,-8.2334,0.4054
3.5243,-7.9753,0.43273
3.768,-7.7836,0.46265
3.9887,-7.558,0.48975
4.1935,-7.3179,0.5149
4.3655,-7.0388,0.53602
4.5568,-6.8064,0.5595
4.7489,-6.5854,0.58309
4.9741,-6.4144,0.61075
5.1486,-6.182,0.63217
5.2799,-5.908,0.64829
5.4952,-5.7331,0.67472
5.6618,-5.5086,0.69519
5.8566,-5.3129,0.7191
6.0295,-5.0973,0.74032
6.1241,-4.8206,0.75195
6.2794,-4.5965,0.77101
6.443,-4.3785,0.7911
6.5907,-4.1493,0.80924
6.782,-3.945,0.83273
6.8795,-3.6854,0.84469
6.9851,-3.4324,0.85766
7.1541,-3.2092,0.87842
7.2425,-2.9482,0.88927
7.5268,-2.7601,0.92417
8.5429,-2.7966,1.0489
17.107,-4.9422,2.1005
23.027,-5.7844,2.8273
20.534,-4.3973,2.5212
19.588,-3.4799,2.4052
19.53,-2.7654,2.398
19.703,-2.0864,2.4192
19.931,-1.4042,2.4473
19.71,-0.69345,2.4201
18.977,0,2.3301
20.146,0.70881,2.4737
20.199,1.423,2.4801
19.959,2.1136,2.4507
19.874,2.8141,2.4402
18.464,3.2802,2.2671
16.757,3.5886,2.0575
16.555,4.1586,2.0327
16.716,4.8292,2.0524
16.661,5.4541,2.0457
17.189,6.3034,2.1106
18.442,7.5071,2.2644
19.722,8.8465,2.4215
19.403,9.5346,2.3824
20.113,10.774,2.4695
19.435,11.305,2.3863
18.939,11.923,2.3254
18.605,12.643,2.2844
17.802,13.031,2.1858
17.598,13.852,2.1608
17.108,14.463,2.1005
15.969,14.487,1.9608
16.893,16.436,2.0742
15.513,16.185,1.9048
14.246,15.94,1.7492
13.13,15.765,1.6122
12.521,16.146,1.5374
11.207,15.541,1.3761
9.9127,14.807,1.2171
7.1006,11.449,0.87184
5.722,9.9853,0.70258
5.3074,10.057,0.65167
4.921,10.165,0.60423
4.5215,10.232,0.55517
4.432,11.052,0.54418
4.1891,11.596,0.51435
3.8891,12.059,0.47752
3.863,13.573,0.47432
3.5321,14.273,0.43369
3.4958,16.57,0.42923
2.93,16.742,0.35976
2.34,16.775,0.28732
1.7005,16.3,0.20879
1.1639,16.769,0.1429
0.57813,16.68,0.070986
7.9299e-016,-13,6.9378e-017
0.7155,-20.567,0.062598
0.90616,-13.008,0.079279
0.857,-8.1849,0.074977
2.1573,-15.409,0.18874
2.7107,-15.432,0.23716
3.2891,-15.533,0.28776
3.8536,-15.515,0.33715
3.685,-12.9,0.32239
2.943,-9.0921,0.25748
3.0801,-8.4948,0.26947
3.3064,-8.2148,0.28927
3.5414,-7.9844,0.30983
3.8037,-7.8285,0.33278
3.966,-7.4874,0.34698
4.1442,-7.2053,0.36257
4.3605,-7.0049,0.38149
4.6069,-6.8561,0.40305
4.7839,-6.6097,0.41854
4.9127,-6.312,0.4298
5.1291,-6.136,0.44874
5.3127,-5.9229,0.4648
5.5223,-5.7403,0.48314
5.6827,-5.5086,0.49717
5.7893,-5.2326,0.5065
5.9753,-5.033,0.52277
6.1466,-4.8206,0.53776
6.3589,-4.6376,0.55633
6.4914,-4.3953,0.56793
6.6065,-4.144,0.57799
6.7724,-3.925,0.59251
6.852,-3.6572,0.59947
7.0108,-3.4324,0.61336
7.2259,-3.2295,0.63219
7.2322,-2.9332,0.63274
7.5919,-2.7738,0.66421
8.7638,-2.8584,0.76673
19.621,-5.6478,1.7166
23.111,-5.7844,2.022
20.054,-4.2788,1.7545
19.582,-3.466,1.7132
19.513,-2.7528,1.7072
19.518,-2.0592,1.7076
19.408,-1.3623,1.698
19.693,-0.69031,1.7229
18.738,0,1.6394
19.782,0.69345,1.7307
19.657,1.3798,1.7197
18.408,1.9421,1.6105
15.942,2.249,1.3947
14.667,2.596,1.2832
13.759,2.9357,1.2037
14.644,3.6651,1.2812
16.279,4.6858,1.4243
16.789,5.4758,1.4688
17.122,6.2555,1.4979
18.039,7.3161,1.5782
19.166,8.5659,1.6768
19.295,9.4469,1.6881
19.043,10.164,1.6661
19.317,11.195,1.69
19.008,11.923,1.663
18.492,12.52,1.6178
17.529,12.784,1.5336
17.749,13.92,1.5528
17.003,14.321,1.4875
16.102,14.554,1.4087
16.446,15.942,1.4388
15.723,16.343,1.3755
14.298,15.94,1.2509
13.242,15.842,1.1585
12.401,15.934,1.085
11.389,15.735,0.9964
10.311,15.345,0.90212
7.0633,11.347,0.61796
5.7431,9.9853,0.50245
5.341,10.083,0.46727
4.7164,9.707,0.41263
4.7083,10.615,0.41192
4.4483,11.052,0.38918
4.1602,11.474,0.36397
3.8819,11.993,0.33962
3.7069,12.977,0.32432
3.5331,14.225,0.3091
3.4693,16.384,0.30352
2.9737,16.929,0.26016
2.3569,16.835,0.20621
1.6421,15.684,0.14367
1.1681,16.769,0.1022
0.58234,16.74,0.050948
8.6342e-016,-14.12,4.525e-017
0.71097,-20.388,0.037261
1.0874,-15.572,0.056989
0.82986,-7.9064,0.043491
2.1779,-15.518,0.11414
2.7173,-15.432,0.14241
3.2743,-15.425,0.1716
3.9041,-15.68,0.20461
3.2315,-11.285,0.16936
2.8915,-8.9114,0.15154
2.9408,-8.0908,0.15412
3.3032,-8.187,0.17312
3.5175,-7.9113,0.18434
3.7429,-7.6847,0.19616
3.9475,-7.4344,0.20688
3.9995,-6.9369,0.20961
4.3764,-7.0134,0.22936
4.5288,-6.7235,0.23735
4.7369,-6.5288,0.24825
4.9247,-6.312,0.25809
5.1481,-6.1437,0.2698
5.3323,-5.9303,0.27946
5.5011,-5.7044,0.2883
5.6678,-5.4809,0.29704
5.8108,-5.2393,0.30453
5.8293,-4.898,0.3055
6.1617,-4.8206,0.32292
6.3259,-4.6024,0.33153
6.4411,-4.3505,0.33756
6.665,-4.1705,0.3493
6.8236,-3.945,0.35761
6.8687,-3.6572,0.35998
6.992,-3.4149,0.36644
7.1706,-3.197,0.3758
7.2684,-2.9407,0.38092
7.6668,-2.7943,0.4018
10.4,-3.3837,0.54503
19.669,-5.6478,1.0308
23.652,-5.9053,1.2396
19.927,-4.2414,1.0443
19.207,-3.3913,1.0066
19.155,-2.6958,1.0039
19.565,-2.0592,1.0254
19.376,-1.3568,1.0155
19.581,-0.68473,1.0262
19.933,0,1.0446
19.831,0.69345,1.0393
18.071,1.2654,0.94706
11.749,1.2366,0.61574
10.908,1.5351,0.57165
11.202,1.9779,0.58705
11.214,2.3868,0.58769
11.463,2.8619,0.60074
12.921,3.7101,0.67715
17.096,5.5623,0.89594
16.891,6.1564,0.88523
17.565,7.1063,0.92052
18.447,8.2242,0.96674
18.642,9.105,0.97701
19.645,10.46,1.0296
19.087,11.035,1.0003
18.42,11.526,0.96534
17.924,12.107,0.93936
17.168,12.49,0.89974
16.88,13.206,0.88463
16.333,13.724,0.85596
15.993,14.42,0.83815
15.057,14.56,0.78909
15.761,16.343,0.826
14.266,15.866,0.74767
13.519,16.133,0.70848
12.432,15.934,0.65151
11.276,15.541,0.59094
10.504,15.594,0.55049
8.0173,12.848,0.42017
5.7721,10.011,0.3025
5.3821,10.136,0.28207
5.0125,10.291,0.26269
4.6386,10.433,0.2431
4.5078,11.173,0.23625
4.1601,11.445,0.21802
3.8482,11.86,0.20167
3.661,12.785,0.19186
3.433,13.788,0.17992
3.4777,16.384,0.18226
2.9705,16.87,0.15568
2.2307,15.894,0.1169
1.6994,16.191,0.089061
1.1842,16.959,0.062063
0.58586,16.8,0.030703
7.8733e-016,-12.86,1.3743e-017
0.51015,-14.611,0.0089048
0.9883,-14.135,0.017251
0.8476,-8.0656,0.014795
2.1805,-15.518,0.038061
2.7484,-15.59,0.047974
3.2907,-15.484,0.05744
3.8145,-15.302,0.066583
2.9296,-10.218,0.051136
2.8147,-8.6641,0.049131
3.0367,-8.3445,0.053005
3.2811,-8.1221,0.057271
3.5421,-7.957,0.061828
3.7738,-7.7386,0.065872
3.9054,-7.3461,0.068169
4.1194,-7.136,0.071904
4.3924,-7.0303,0.076669
4.5735,-6.7815,0.079831
4.7486,-6.5369,0.082887
4.9307,-6.312,0.086066
5.1094,-6.0901,0.089185
5.3322,-5.9229,0.093073
5.5147,-5.7116,0.09626
5.6244,-5.4322,0.098174
5.7734,-5.1991,0.10077
5.9896,-5.0266,0.10455
6.1534,-4.8083,0.10741
6.3255,-4.5965,0.11041
6.4489,-4.3505,0.11257
6.6222,-4.1387,0.11559
6.7973,-3.925,0.11865
6.9124,-3.676,0.12066
7.0005,-3.4149,0.12219
7.1794,-3.197,0.12532
7.2587,-2.9332,0.1267
7.9298,-2.8867,0.13842
11.706,-3.804,0.20432
20.328,-5.8297,0.35482
23.565,-5.8763,0.41133
19.775,-4.204,0.34518
19.23,-3.3913,0.33567
19.426,-2.7306,0.33908
19.589,-2.0592,0.34193
19.479,-1.3623,0.34002
19.435,-0.6788,0.33924
18.967,0,0.33107
17.776,0.62086,0.31029
13.385,0.93613,0.23364
11.107,1.1676,0.19388
11.089,1.5587,0.19356
10.999,1.9397,0.19198
11.198,2.3806,0.19546
11.244,2.8039,0.19627
11.456,3.2856,0.19997
12.086,3.9276,0.21096
12.186,4.436,0.21271
11.662,4.7126,0.20356
11.299,5.0313,0.19722
11.206,5.4665,0.19561
11.106,5.906,0.19385
11.075,6.395,0.19331
10.904,6.8148,0.19033
10.776,7.2695,0.18809
10.758,7.8175,0.18779
12.512,9.7767,0.21839
12.163,10.207,0.2123
11.443,10.305,0.19973
10.824,10.455,0.18894
12.169,12.603,0.2124
13.708,15.227,0.23928
13.227,15.765,0.23087
12.502,16.004,0.21823
11.149,15.347,0.1946
10.69,15.851,0.1866
8.2708,13.238,0.14437
5.7391,9.942,0.10018
5.3465,10.057,0.093323
4.8257,9.8957,0.084233
4.6564,10.46,0.081278
4.4534,11.024,0.077734
4.1515,11.408,0.072465
3.7633,11.584,0.065688
3.5745,12.468,0.062393
3.4154,13.701,0.059616
3.4321,16.149,0.059908
2.929,16.614,0.051126
2.2974,16.349,0.040101
1.783,16.967,0.031122
1.1815,16.899,0.020623
0.58866,16.86,0.010275
8.0753e-016,-13.19,-1.4096e-017
0.38488,-11.023,-0.0067182
1.0036,-14.355,-0.017519
0.82983,-7.8965,-0.014485
2.1429,-15.25,-0.037405
2.738,-15.53,-0.047792
3.2907,-15.484,-0.05744
3.8024,-15.253,-0.066372
2.7504,-9.5934,-0.048009
2.824,-8.6927,-0.049293
2.917,-8.0156,-0.050916
3.2436,-8.0294,-0.056617
3.5421,-7.957,-0.061828
3.7694,-7.7296,-0.065795
3.9477,-7.4256,-0.068907
3.9694,-6.8762,-0.069286
4.3341,-6.937,-0.075652
4.5567,-6.7567,-0.079538
4.7427,-6.5288,-0.082784
4.9245,-6.3041,-0.085958
5.1737,-6.1667,-0.090306
5.3322,-5.9229,-0.093073
5.4592,-5.654,-0.09529
5.574,-5.3836,-0.097295
5.7436,-5.1724,-0.10026
5.9206,-4.9687,-0.10334
6.1849,-4.8329,-0.10796
6.3013,-4.5788,-0.10999
6.4489,-4.3505,-0.11257
6.6307,-4.144,-0.11574
6.8059,-3.93,-0.1188
6.8948,-3.6666,-0.12035
6.9017,-3.3667,-0.12047
7.1154,-3.1685,-0.1242
7.2773,-2.9407,-0.12703
7.8264,-2.849,-0.13661
13.598,-4.4189,-0.23735
20.616,-5.9124,-0.35985
23.313,-5.8134,-0.40692
19.433,-4.1312,-0.3392
19.152,-3.3775,-0.33429
19.505,-2.7417,-0.34047
17.968,-1.8888,-0.31364
13.834,-0.96752,-0.24148
13.41,-0.46835,-0.23407
13.828,0,-0.24137
12.6,0.44008,-0.21994
11.799,0.82522,-0.20596
11.028,1.1592,-0.19249
10.664,1.4989,-0.18613
11.077,1.9535,-0.19336
11.11,2.3619,-0.19393
11.05,2.7555,-0.19288
10.524,3.0182,-0.1837
11.021,3.5815,-0.19237
11.115,4.0461,-0.19401
10.661,4.308,-0.18609
10.13,4.5107,-0.17681
9.7954,4.7782,-0.17098
9.5079,5.0562,-0.16596
9.3516,5.4,-0.16323
9.4458,5.9033,-0.16488
9.3501,6.3077,-0.16321
9.2376,6.7125,-0.16124
9.1789,7.1725,-0.16022
8.969,7.527,-0.15655
8.7678,7.8957,-0.15304
8.5085,8.2178,-0.14852
9.689,10.035,-0.16912
12.431,13.808,-0.21698
13.291,15.842,-0.23199
12.391,15.863,-0.21629
11.149,15.347,-0.1946
10.875,16.125,-0.18982
8.5357,13.662,-0.14899
5.7791,10.011,-0.10087
5.1916,9.7654,-0.090619
4.9923,10.237,-0.087141
4.6686,10.488,-0.081491
4.4197,10.941,-0.077146
4.1412,11.38,-0.072285
3.547,10.918,-0.061913
3.6985,12.9,-0.064557
3.3961,13.623,-0.059279
3.482,16.384,-0.060778
2.929,16.614,-0.051126
2.2724,16.171,-0.039664
1.7903,17.036,-0.03125
1.1641,16.649,-0.020319
0.58657,16.8,-0.010239
8.0166e-016,-13.11,-4.2013e-017
0.37814,-10.843,-0.019818
1.0519,-15.063,-0.055127
0.83717,-7.9761,-0.043874
2.0986,-14.953,-0.10998
2.726,-15.481,-0.14286
3.32,-15.641,-0.17399
3.6843,-14.797,-0.19308
2.8517,-9.9587,-0.14945
2.7187,-8.3788,-0.14248
3.0159,-8.2975,-0.15806
3.2584,-8.0758,-0.17076
3.5581,-8.0027,-0.18647
3.7911,-7.7836,-0.19868
3.76,-7.0812,-0.19705
4.1443,-7.188,-0.21719
4.3129,-6.9116,-0.22603
4.5065,-6.6903,-0.23618
4.7604,-6.5611,-0.24948
4.6972,-6.0204,-0.24617
5.2251,-6.2356,-0.27384
5.3323,-5.9303,-0.27946
5.4178,-5.618,-0.28394
5.5672,-5.3836,-0.29177
5.7441,-5.1791,-0.30103
5.9593,-5.0073,-0.31231
6.1223,-4.7898,-0.32086
6.2936,-4.5788,-0.32983
6.4411,-4.3505,-0.33756
6.665,-4.1705,-0.3493
6.7544,-3.905,-0.35398
6.8599,-3.6525,-0.35951
6.983,-3.4105,-0.36597
7.198,-3.2092,-0.37723
7.2406,-2.9294,-0.37947
8.0327,-2.9277,-0.42098
13.667,-4.4468,-0.71625
21.08,-6.053,-1.1048
23.41,-5.8448,-1.2269
19.663,-4.1853,-1.0305
19.295,-3.407,-1.0112
19.155,-2.6958,-1.0039
17.331,-1.824,-0.90826
12.562,-0.87963,-0.65835
12.615,-0.44113,-0.66112
13.641,0,-0.71491
12.835,0.44881,-0.67263
11.905,0.83359,-0.62389
11.094,1.1676,-0.58139
10.73,1.51,-0.56232
9.8149,1.733,-0.51438
11.048,2.3515,-0.57898
10.959,2.7361,-0.57434
10.511,3.0182,-0.55088
10.846,3.529,-0.56842
11.364,4.1419,-0.59557
10.731,4.3417,-0.56241
9.7159,4.3317,-0.50919
9.7655,4.7695,-0.51179
9.3905,4.9999,-0.49214
9.3662,5.415,-0.49086
9.1464,5.7231,-0.47934
9.049,6.112,-0.47424
9.0243,6.5656,-0.47295
8.9002,6.9631,-0.46644
8.7592,7.3599,-0.45905
8.6458,7.7954,-0.45311
8.4981,8.2178,-0.44537
8.9696,9.3011,-0.47008
11.112,12.358,-0.58238
12.485,14.9,-0.65432
11.909,15.264,-0.62413
11.869,16.358,-0.62201
10.861,16.125,-0.56922
9.1339,14.637,-0.47869
5.7721,10.011,-0.3025
5.1712,9.7389,-0.27101
4.9599,10.183,-0.25994
4.6508,10.46,-0.24374
4.4255,10.969,-0.23193
3.8698,10.647,-0.20281
3.7988,11.708,-0.19909
3.6087,12.602,-0.18912
3.4113,13.701,-0.17878
3.4404,16.208,-0.1803
2.7173,15.432,-0.14241
2.3544,16.775,-0.12339
1.7881,17.036,-0.093711
1.1801,16.899,-0.061844
0.58377,16.74,-0.030594
7.8872e-016,-12.93,-6.9004e-017
0.37374,-10.743,-0.032698
1.1904,-17.088,-0.10414
0.82367,-7.8667,-0.072062
2.1573,-15.409,-0.18874
2.7107,-15.432,-0.23716
3.3119,-15.641,-0.28975
3.5572,-14.322,-0.31121
2.8063,-9.8241,-0.24552
2.786,-8.6071,-0.24374
3.0256,-8.3445,-0.2647
3.2691,-8.1221,-0.28601
3.5211,-7.9387,-0.30806
3.76,-7.7386,-0.32896
3.8631,-7.2931,-0.33798
4.0744,-7.0841,-0.35647
4.3024,-6.9116,-0.37641
4.4677,-6.6489,-0.39087
4.6844,-6.4721,-0.40983
4.8943,-6.2883,-0.42819
5.2188,-6.2433,-0.45658
5.286,-5.8931,-0.46247
5.4323,-5.6468,-0.47527
5.5967,-5.4253,-0.48964
5.7671,-5.2125,-0.50455
5.9448,-5.0073,-0.5201
6.1074,-4.7898,-0.53433
6.2702,-4.573,-0.54857
6.4667,-4.3785,-0.56576
6.6656,-4.1811,-0.58317
6.7465,-3.91,-0.59025
6.8432,-3.6525,-0.5987
7.0287,-3.4412,-0.61493
7.144,-3.1929,-0.62502
7.2138,-2.9257,-0.63112
8.0787,-2.9516,-0.70679
15.045,-4.9072,-1.3163
20.349,-5.8573,-1.7803
22.406,-5.6077,-1.9603
19.274,-4.1125,-1.6863
19.248,-3.407,-1.684
17.688,-2.4954,-1.5475
14.039,-1.4812,-1.2282
12.561,-0.88172,-1.099
12.524,-0.43904,-1.0958
13.369,0,-1.1696
13.092,0.45893,-1.1454
11.726,0.82313,-1.0259
11.096,1.1707,-0.9708
10.684,1.5072,-0.93471
10.929,1.9344,-0.95616
10.699,2.2829,-0.93606
10.565,2.6442,-0.92432
10.907,3.1395,-0.95425
10.734,3.5012,-0.93914
11.187,4.0871,-0.9787
10.705,4.3417,-0.93658
10.193,4.5555,-0.89175
9.7417,4.7695,-0.85229
9.3852,5.0093,-0.8211
9.2916,5.385,-0.81291
8.7523,5.49,-0.76573
9.0682,6.1399,-0.79336
8.9782,6.5479,-0.78549
8.9177,6.9939,-0.7802
8.7989,7.4113,-0.7698
8.2915,7.4943,-0.72542
8.4774,8.2178,-0.74168
8.7748,9.1212,-0.76769
9.8721,11.006,-0.8637
12.243,14.647,-1.0712
11.487,14.759,-1.005
11.688,16.148,-1.0225
11.069,16.473,-0.9684
9.5022,15.265,-0.83134
5.6036,9.7428,-0.49025
5.355,10.11,-0.4685
4.9391,10.165,-0.43212
4.6516,10.488,-0.40696
4.3588,10.83,-0.38134
3.9489,10.891,-0.34549
3.808,11.765,-0.33316
3.6328,12.717,-0.31783
3.4246,13.788,-0.29962
3.0571,14.437,-0.26746
2.9304,16.683,-0.25638
2.375,16.963,-0.20778
1.7702,16.907,-0.15487
1.1681,16.769,-0.1022
0.51802,14.891,-0.045321
7.5423e-016,-12.41,-9.2608e-017
0.3793,-10.943,-0.046572
0.75814,-10.923,-0.093088
0.84141,-8.0656,-0.10331
2.1494,-15.409,-0.26391
2.7008,-15.432,-0.33161
3.2894,-15.592,-0.40389
3.3593,-13.574,-0.41247
2.599,-9.132,-0.31912
2.7451,-8.512,-0.33705
3.0009,-8.3069,-0.36847
3.2757,-8.1685,-0.4022
3.488,-7.893,-0.42827
3.6897,-7.6218,-0.45304
3.8489,-7.2931,-0.47259
4.0843,-7.1274,-0.50149
4.2656,-6.8777,-0.52375
4.4402,-6.6323,-0.54519
4.6789,-6.4883,-0.5745
4.8702,-6.2804,-0.59799
5.1742,-6.2126,-0.63531
5.2467,-5.8708,-0.64422
5.3159,-5.5461,-0.65271
5.4834,-5.335,-0.67327
5.7091,-5.1791,-0.70099
5.9154,-5.0009,-0.72632
6.1398,-4.8329,-0.75387
6.2553,-4.5788,-0.76805
6.443,-4.3785,-0.7911
6.5907,-4.1493,-0.80924
6.782,-3.945,-0.83273
6.8269,-3.6572,-0.83824
6.9673,-3.4237,-0.85547
7.1179,-3.1929,-0.87397
7.2333,-2.9444,-0.88814
8.4408,-3.0953,-1.0364
14.348,-4.6971,-1.7618
19.464,-5.623,-2.3898
21.669,-5.4432,-2.6606
19.291,-4.1312,-2.3686
19.178,-3.407,-2.3548
14.842,-2.1015,-1.8223
12.309,-1.3035,-1.5114
12.585,-0.8866,-1.5452
12.479,-0.43904,-1.5322
13.518,0,-1.6599
12.717,0.44741,-1.5614
11.713,0.82522,-1.4382
10.888,1.1529,-1.3369
10.615,1.5031,-1.3034
10.889,1.9344,-1.337
10.514,2.2517,-1.291
10.94,2.7482,-1.3433
10.839,3.1312,-1.3308
10.752,3.5197,-1.3202
11.09,4.0666,-1.3616
10.721,4.3642,-1.3164
10.228,4.588,-1.2558
9.7238,4.7782,-1.1939
9.3508,5.0093,-1.1481
8.845,5.145,-1.086
9.1159,5.739,-1.1193
9.0103,6.1232,-1.1063
8.9212,6.5303,-1.0954
8.846,6.9631,-1.0861
8.4093,7.1092,-1.0325
8.6152,7.8154,-1.0578
8.4464,8.2178,-1.0371
8.4392,8.8047,-1.0362
8.6139,9.6386,-1.0577
11.261,13.521,-1.3826
11.788,15.201,-1.4473
11.744,16.286,-1.442
11.078,16.548,-1.3602
9.62,15.511,-1.1812
5.8709,10.245,-0.72086
5.3214,10.083,-0.65339
4.9558,10.237,-0.6085
4.6224,10.46,-0.56756
4.3316,10.802,-0.53186
4.0465,11.201,-0.49685
3.8155,11.831,-0.46849
3.5566,12.496,-0.43669
3.3809,13.662,-0.41512
3.1367,14.868,-0.38514
2.9404,16.801,-0.36103
2.3663,16.963,-0.29054
1.77,16.967,-0.21732
1.1431,16.47,-0.14035
0.55977,16.15,-0.068731
7.9287e-016,-13.11,-1.2558e-016
0.37331,-10.823,-0.059126
0.80886,-11.711,-0.12811
0.83316,-8.0258,-0.13196
2.1389,-15.409,-0.33876
2.6876,-15.432,-0.42567
3.2733,-15.592,-0.51844
3.08,-12.507,-0.48782
2.5291,-8.9301,-0.40058
2.7347,-8.5215,-0.43313
2.9525,-8.2129,-0.46762
3.2708,-8.1963,-0.51804
3.4348,-7.8108,-0.54402
3.6413,-7.5589,-0.57673
3.8579,-7.3461,-0.61103
4.01,-7.0321,-0.63512
4.2133,-6.8268,-0.66733
4.4295,-6.6489,-0.70157
4.6096,-6.4236,-0.73008
4.8342,-6.2647,-0.76567
5.1298,-6.1896,-0.81248
5.2211,-5.8708,-0.82693
5.4751,-5.7403,-0.86717
5.4281,-5.3072,-0.85973
5.7178,-5.2125,-0.90561
5.8789,-4.9945,-0.93112
6.0864,-4.8145,-0.96399
6.2247,-4.5788,-0.98589
6.4114,-4.3785,-1.0155
6.6087,-4.1811,-1.0467
6.6889,-3.91,-1.0594
6.8109,-3.6666,-1.0787
6.9687,-3.4412,-1.1037
7.0469,-3.1766,-1.1161
7.1888,-2.9407,-1.1386
9.0863,-3.3484,-1.4391
16.523,-5.4356,-2.617
22.815,-6.6236,-3.6135
19.378,-4.8917,-3.0691
17.187,-3.6987,-2.7222
16.234,-2.8982,-2.5712
11.659,-1.6589,-1.8466
12.249,-1.3035,-1.9401
12.424,-0.87963,-1.9678
12.378,-0.43764,-1.9605
13.136,0,-2.0806
12.763,0.45125,-2.0215
11.774,0.83359,-1.8648
11.247,1.1969,-1.7814
10.485,1.4919,-1.6607
10.943,1.9535,-1.7332
10.927,2.3515,-1.7306
10.858,2.741,-1.7198
10.871,3.156,-1.7218
10.314,3.393,-1.6336
10.441,3.8477,-1.6538
11.008,4.5028,-1.7434
10.223,4.6083,-1.6192
9.7029,4.7914,-1.5368
9.4184,5.0703,-1.4917
9.1952,5.375,-1.4564
9.1132,5.7655,-1.4434
8.9253,6.0952,-1.4136
8.8615,6.5185,-1.4035
8.5458,6.76,-1.3535
8.3454,7.0899,-1.3218
8.6391,7.8757,-1.3683
8.4476,8.2595,-1.338
8.3568,8.7616,-1.3236
8.2215,9.2447,-1.3022
10.875,13.122,-1.7225
10.988,14.239,-1.7403
10.833,15.096,-1.7158
10.742,16.125,-1.7014
9.4577,15.324,-1.498
5.7385,10.063,-0.90888
5.2954,10.083,-0.8387
4.9705,10.318,-0.78726
4.4431,10.104,-0.70372
4.1624,10.431,-0.65927
4.0267,11.201,-0.63776
3.7053,11.546,-0.58686
3.5011,12.362,-0.55451
3.2162,13.06,-0.50939
3.1727,15.112,-0.5025
2.8831,16.555,-0.45664
2.3368,16.835,-0.37011
1.7613,16.967,-0.27896
1.1134,16.121,-0.17634
0.57737,16.74,-0.091446
